INSERT INTO PESSOA 
VALUES	('00000000001', '000000001', 'João Souza', 'Araraquara', 
       'Jardim Azul', 01, 'Rua José Silva', NULL, '00000001', 'j.souza@yahoo.com', NULL, '1638921181', '16981527822', NULL),
       ('00000000002', '000000002', 'Tomas Leão', 'São Carlos', 
       'Jardim Romano', 115, 'Avenida Marechal Costa', NULL, '00000002', 'leao1994@hotmail.com', NULL, '1633826122', '11992621811', '1631812822'),
       ('00000000003', '000000003', 'Maria Josefina', 'São Carlos', 
       'Cidade Vermelha', 34, 'Rua Silva José', NULL, '00000003', 'm4ria1osefina@bol.com', NULL, '1638291811', '16992817102', '1692011181'),
       ('12345678910', '274882768', 'Ana Maria', 'Ibaté', 
       'Vila Itália', 247, 'Rua XV de Novembro', NULL, '31524896', 'anamaria@gmail.com', 'anamaria@hotmail.com', '1133829181', '1699273622', NULL),
       ('10987654321', '178934565', 'Carlos Lebre', 'São Carlos', 
       'Centro', 845, 'Rua José Silva', '5° Andar', '13347798', 'lebrao2008@gmail.com', NULL, '16971627288', NULL, NULL),
       ('24246468610', '893111475', 'Fábio Trello', 'Ibaté', 
       'Vila Itália', 497, 'Rua XV de Novembro', '13° Andar', '31524896', 'trello.fabio@live.com', NULL, '1633829277', '16987226272', NULL),
       ('13135357509', '744563125', 'Carla Leão', 'São Carlos', 
       'Jardim Romano', 115, 'Avenida Marechal Costa', NULL, '00000002', 'lion.of.darkness@gmail.com', 'darkness.of.lion@hotmail.com', '1633826122', '16993829101', NULL),
       ('10293847566', '224753985', 'John João', 'São Carlos', 
       'Jardim Romano', 1150, 'Avenida Almirante Machado', NULL, '46655523', 'john_joao@globo.com', 'jon_jon@ig.com.br', '19972345611', NULL, NULL),
       ('56473829105', '441525367', 'Renato Augustino', 'Araraquara', 
       'Jardim Azul', 2145, 'Avenida Marechal Costa', NULL, '00000002', 'renaugustino@ufscar.br', 'renatinho@outlook.com', '1639442891', NULL, NULL),
       ('12825651201', '426652139', 'Fernando Pedrosa', 'São Carlos', 
       'Centro', 500, 'Avenida Central', 'Térreo', '21365354', 'pedroska_nandinho@gmail.com', NULL, '11982712282', NULL, NULL),
       ('10020030010', '289167819', 'Johann Bach', 'Ribeirao Preto', 
       'Jardim Feliz', 112, 'Rua das Felicidades', NULL, '13573009', 'bach_johann@terra.com', NULL, '11990281828', '1633829292', NULL),
       ('11021031011', '927251927', 'Manoel de Barros', 'São Carlos', 
       'Vila da Amizade', 48, 'Rua da Ostentacao', NULL, '13356290', 'mano.barros@hotmail.com', 'barros.mano@gmail.com', '1633271821', NULL, NULL),
       ('12022032012', '118338290', 'Amancio de Oliveira', 'Ibaté', 
       'Jardim Paulista', 1124, 'Rua dois', NULL, '11345190', 'amancio_oliveira@outlook.com', NULL, '17998227281', NULL, NULL),
       ('13023033013', '182649277', 'Maria da Silva Souza', 'São Carlos', 
       'Vila Monteiro', 9, 'Rua Dona Alexandrina ', NULL, '13360270', 'mariazinha2016@hotmail.com', NULL, '16999282282', NULL, NULL),
       ('14024034014', '223716289', 'Inacio Pereira', 'Araraquara', 
       'Centro', 998, 'Rua Pindamonhangaba', '6° Andar', '11918189', 'inacio@bol.com', 'inacio2008@gmail.com', '11990288828', NULL, NULL),
       ('15025035015', '181726229', 'Domenico Scarlatti', 'Ibaté', 
       'Vila Italiana', 80, 'Rua das Sonatas', NULL, '12289090', 'scarlatti@hotmail.com', NULL, '1938291190', '16987623382', '11990823345'),
       ('16026036016', '098262722', 'Anna Magdalena Bach', 'São Carlos', 
       'Jardim Alemão', 1673, 'Rua dos compositores', NULL, '78456219', 'anna.bach@ufscar.br', 'bach.anna@live.com', '1621818821', '19990621189', NULL),
       ('17027037017', '882819310', 'João Mário da Silva', 'Ibaté', 
       'Centro', 12, 'Avenida dos campeoes', '3º Andar', '13456040', 'joao.mario.silva@outlook.com', 'mario.joao@gmail.com', '1132323131', '31980723458', NULL),
       ('18028038018', '121231234', 'Adriana Calcanhoto', 'Araraquara', 
       'Jardim Musical', 100, 'Rua das Borboletas', NULL, '11278900', 'calcanhoto@ufscar.br', 'a.calcanhoto@gmail.com', '1638721124', '16990721192', '1633425671'),
       ('19029039019', '827191118', 'Pompeu Pomposo', 'São Carlos', 
       'Vila Prado', 280, 'Avenida Ra Tim Bum', NULL, '98981020', 'pomeu@ufscar.br', 'pomposo@outlook.com', '19988721121', NULL, NULL);

INSERT INTO CONSELHO(CODIGOCONSELHO,TIPO)
VALUES	('CDE41AF12', 'DEPARTAMENTO'),
		('CDE3FKAS12', 'GRADUACAO'),
		('CDE4BCDAQ', 'DEPARTAMENTO'),
		('A3E6FKAS12', 'GRADUACAO'),
		('3ABA01L69F', 'DEPARTAMENTO'),
		('APEO254MLA', 'DEPARTAMENTO'),
		('LKMN548T94', 'DEPARTAMENTO');
		
INSERT INTO MEMBRO
VALUES	(DEFAULT,'15025035015', 'CDE41AF12', '10', 'TA', 'No. 123'),
		(DEFAULT,'16026036016', 'CDE41AF12', '10', 'TA', 'No. 122'),
		(DEFAULT,'00000000001', 'CDE41AF12', '18', 'DOCENTE', 'No. 142'),
		(DEFAULT,'00000000002', 'CDE41AF12', '18', 'DOCENTE', 'No. 192'),
		(DEFAULT,'00000000003', 'CDE41AF12', '18', 'DOCENTE', 'No. 109'),

		(DEFAULT,'17027037017', 'CDE3FKAS12', '04', 'TA', 'No. 11'),
		(DEFAULT,'18028038018', 'CDE3FKAS12', '04', 'TA', 'No. 11'),
		(DEFAULT,'12345678910', 'CDE3FKAS12', '13', 'DOCENTE', 'No. 09'),
		(DEFAULT,'10987654321', 'CDE3FKAS12', '13', 'DOCENTE', 'No. 100'),
		(DEFAULT,'24246468610', 'CDE3FKAS12', '13', 'DOCENTE', 'No. 201'),
		
		(DEFAULT,'00000000002', 'CDE4BCDAQ', '18', 'DOCENTE', 'No. 192'),
		(DEFAULT,'00000000003', 'CDE4BCDAQ', '18', 'DOCENTE', 'No. 109'),
		(DEFAULT,'12345678910', 'CDE4BCDAQ', '13', 'DOCENTE', 'No. 09'),
		(DEFAULT,'10987654321', 'CDE4BCDAQ', '13', 'DOCENTE', 'No. 100'),
		(DEFAULT,'15025035015', 'CDE4BCDAQ', '10', 'TA', 'No. 123'),
		
		(DEFAULT,'13135357509', 'A3E6FKAS12', '12', 'DOCENTE', 'No. 192'),
		(DEFAULT,'56473829105', 'A3E6FKAS12', '08', 'DOCENTE', 'No. 118'),
		(DEFAULT,'12825651201', 'A3E6FKAS12', '12', 'DOCENTE', 'No. 107'),
		(DEFAULT,'18028038018', 'A3E6FKAS12', '40', 'TA', 'No. 101'),
		(DEFAULT,'19029039019', 'A3E6FKAS12', '41', 'TA', 'No. 102'),
		
		(DEFAULT,'12825651201', '3ABA01L69F', '12', 'DOCENTE', 'No. 107'),
		(DEFAULT,'18028038018', '3ABA01L69F', '40', 'TA', 'No. 101'),
		(DEFAULT,'00000000003', '3ABA01L69F', '18', 'DOCENTE', 'No. 109'),
		(DEFAULT,'19029039019', '3ABA01L69F', '41', 'TA', 'No. 102'),
		(DEFAULT,'10987654321', '3ABA01L69F', '13', 'DOCENTE', 'No. 100'),
		
		(DEFAULT,'10020030010', 'APEO254MLA', '10', 'DOCENTE',  'No. 80'),
		(DEFAULT,'11021031011', 'APEO254MLA', '20', 'DOCENTE',  'No. 81'),
		(DEFAULT,'12022032012', 'APEO254MLA', '21', 'DOCENTE',  'No. 81'),
		(DEFAULT,'19029039019', 'APEO254MLA', '11', 'TA', 'No. 481'),
		(DEFAULT,'18028038018', 'APEO254MLA', '12', 'TA', 'No. 109'),
		
		(DEFAULT,'15025035015', 'LKMN548T94', '10', 'TA', 'No. 123'),
		(DEFAULT,'17027037017', 'LKMN548T94', '04', 'TA', 'No. 11'),
		(DEFAULT,'00000000002', 'LKMN548T94', '18', 'DOCENTE', 'No. 192'),
		(DEFAULT,'13135357509', 'LKMN548T94', '12', 'DOCENTE', 'No. 192'),
		(DEFAULT,'12825651201', 'LKMN548T94', '12', 'DOCENTE', 'No. 107');
		
INSERT INTO SERVIDOR (CPF, SIAPE)
VALUES	('00000000001', '000001'),
		('00000000002', '000002'),
		('00000000003', '000003'),
		('12345678910', '000004'),
		('10987654321', '000005'),
		('24246468610', '000006'),
		('13135357509', '000007'),
		('56473829105', '000008'),
		('12825651201', '000009'),
		('10020030010', '000010'),
		('11021031011', '000011'),
		('12022032012', '000012'),
		('13023033013', '000013'),
		('14024034014', '000014'),
		('15025035015', '000015'),
		('16026036016', '000016'),
		('17027037017', '000017'),
		('18028038018', '000018'),
		('19029039019', '000019');

INSERT INTO TAS (SIAPE)
VALUES	('000015'),
		('000016'),
		('000017'),
		('000018'),
		('000019');
		
insert into departamento(sigla, centroAcademico, nome)
values
		('DC', 'CCET', 'Departamento de Computação'),
		('DM', 'CCET', 'Departamento de Matemática'),
		('DF', 'CCET', 'Departamento de Física'),
		('DQ', 'CCET', 'Departamento de Química'),
		('DEMA','CCET', 'Departamento de Eng Materiais');
		
INSERT INTO DOCENTE 
	(SIAPE, POSICAO, TIPO_DOCENTE, TOTAL_CARGA_SEMESTRE, SIGLA_D)
VALUES 	('000001', 'PROFESSOR', 'ADJUNTO', 8, 'DC'),
		('000002', 'PROFESSOR COORDENADOR','TITULAR', 6, 'DM'),
		('000003', 'PROFESSOR CHEFE DPTO', 'ADJUNTO', 0, 'DF'),
		('000004', 'PROFESSOR', 'ASSOCIADO', 4, 'DQ'),
		('000005', 'PROFESSOR', 'TITULAR', 6, 'DC'),
		('000008', 'PROFESSOR COORDENADOR', 'ADJUNTO', 4, 'DQ');
INSERT INTO DOCENTE
	(SIAPE, POSICAO, TIPO_DOCENTE, TOTAL_CARGA_SEMESTRE, TIPO_LICENCA, PRAZO_LICENCA, SIGLA_D)
	VALUES	('000006', 'PROFESSOR COORDENADOR', 'TITULAR', 8, 'PREMIO', 15, 'DC'),
			('000007', 'PROFESSOR', 'ASSOCIADO', 8, 'PREMIO', 20, 'DF');
INSERT INTO DOCENTE 
	(SIAPE, POSICAO, TIPO_DOCENTE, TOTAL_CARGA_SEMESTRE, RAZAO_ALIVIO, CARGA_HORARIA_ALIVIO, SIGLA_D)
	VALUES	('000009', 'PROFESSOR', 'TITULAR', 4, 'RECOMENDACAO MEDICA', 2, 'DM'),
			('000010', 'PROFESSOR CHEFE DPTO', 'TITULAR', 4, 'ATIVIDADES CHEFIA', 4, 'DF'),
			('000012', 'PROFESSOR COORDENADOR', 'ASSOCIADO', 8, 'RECOMENDACAO MEDICA', 2, 'DF');	
INSERT INTO DOCENTE 
	(SIAPE, POSICAO, TIPO_DOCENTE, TOTAL_CARGA_SEMESTRE, TIPO_LICENCA, PRAZO_LICENCA, RAZAO_ALIVIO, CARGA_HORARIA_ALIVIO, SIGLA_D)
	VALUES	('000011', 'PROFESSOR', 'ADJUNTO', 8, 'PREMIO', 10, 'RECOMENDACAO MEDICA', 2, 'DQ');
INSERT INTO DOCENTE 
	(SIAPE, POSICAO, TIPO_DOCENTE, TOTAL_CARGA_SEMESTRE, TIPO_LICENCA, PRAZO_LICENCA, SIGLA_D)
	VALUES	('000013', 'PROFESSOR', 'ASSOCIADO', 6, 'PREMIO', 30, 'DM'),
			('000014', 'PROFESSOR', 'ASSOCIADO', 8, 'MEDICA', 7, 'DC');
	
INSERT INTO DOCENTE_CARGO_ADMINISTRATIVO
	(SIAPE, PERIODO_INICIO, PERIODO_TERMINO, NOME_CARGO)
	VALUES('000002','2014-03-01', '2016-10-28','COORDENADOR CURSO');
INSERT INTO DOCENTE_CARGO_ADMINISTRATIVO
	(SIAPE, PERIODO_INICIO, PERIODO_TERMINO, NOME_CARGO)
	VALUES('000002','2016-03-12', NULL,'PRESIDENTE CONSELHO GRAD');
INSERT INTO DOCENTE_CARGO_ADMINISTRATIVO
	(SIAPE, PERIODO_INICIO, PERIODO_TERMINO, NOME_CARGO)
	VALUES('000003','2012-08-10','2013-09-01','CHEFE DEPARTAMENTO');
INSERT INTO DOCENTE_CARGO_ADMINISTRATIVO
	(SIAPE, PERIODO_INICIO, PERIODO_TERMINO, NOME_CARGO)
	VALUES('000003','2008-03-14','2009-04-16','COORDENADOR CURSO');
INSERT INTO DOCENTE_CARGO_ADMINISTRATIVO
	(SIAPE, PERIODO_INICIO, NOME_CARGO)
	VALUES('000006','2015-11-01','COORDENADOR CURSO');
INSERT INTO DOCENTE_CARGO_ADMINISTRATIVO
	(SIAPE, PERIODO_INICIO, PERIODO_TERMINO, NOME_CARGO)
	VALUES('000008','2010-07-02','2012-07-03','COORDENADOR CURSO');
INSERT INTO DOCENTE_CARGO_ADMINISTRATIVO
	(SIAPE, PERIODO_INICIO, PERIODO_TERMINO, NOME_CARGO)
	VALUES('000010','2013-04-17','2014-06-28','CHEFE DEPARTAMENTO');
INSERT INTO DOCENTE_CARGO_ADMINISTRATIVO
	(SIAPE, PERIODO_INICIO, NOME_CARGO)
	VALUES('000012','2016-04-10','COORDENADOR CURSO');

insert into disciplina(codigoDisciplina, creditosPraticos, creditosTeoricos, siglaDepartamento, nome)
values	('020338', 0, 4, 'DC','Introdução a Lógica'),
		('089109', 0, 4, 'DM','Cálculo I'),
		('089110', 0, 4, 'DM','Cálculo II'),
		('089111', 0, 4, 'DM','Cálculo III'),
		('099015', 0, 4, 'DF','Física I'),
		('099016', 0, 4, 'DF','Física II'),
		('099017', 0, 4, 'DF','Física III'),
		('071170', 0, 4, 'DQ','Fundamentos de Química'),
		('061282', 0, 2, 'DEMA', 'Mecânica dos Sólidos'),
		('025216', 0, 4, 'DC','Banco de Dados'),
		('028911', 2, 0, 'DC', 'Laboratorio BD');
		
insert into requisitos (codigoDisciplina, codigoRequisito, tipoRequisito)
values ('089110', '089109', '0'),
 ('089111', '089110', '0'),
 ('099016', '099015', '0'),
 ('099017', '099016', '0'),
 ('028911', '025216', '0');
		
INSERT INTO TURMA VALUES 
   (DEFAULT, '020338','A', '2016', '1',50);
INSERT INTO TURMA VALUES 
   (DEFAULT, '020338','B', '2016', '1',50);
INSERT INTO TURMA VALUES 
   (DEFAULT, '020338','C', '2016', '1',50);
INSERT INTO TURMA VALUES 
   (DEFAULT, '089109','A', '2016', '1',30);
INSERT INTO TURMA VALUES 
   (DEFAULT, '089110','A', '2016', '1',90);
INSERT INTO TURMA VALUES 
   (DEFAULT, '089111','A', '2015', '2',30);
INSERT INTO TURMA VALUES 
   (DEFAULT, '089111','B', '2015', '2',30);
INSERT INTO TURMA VALUES 
   (DEFAULT, '089111','C', '2015', '2',30);
INSERT INTO TURMA VALUES 
   (DEFAULT, '089111','D', '2015', '2',30);
INSERT INTO TURMA VALUES 
   (DEFAULT, '099015','A', '2015', '1',50);
INSERT INTO TURMA VALUES 
   (DEFAULT, '099016','A', '2016', '1',60);
INSERT INTO TURMA VALUES 
   (DEFAULT, '099016','B', '2016', '1',60);
INSERT INTO TURMA VALUES 
   (DEFAULT, '099017','A', '2016', '1',30);
INSERT INTO TURMA VALUES 
   (DEFAULT, '071170','A', '2016', '2',35);
INSERT INTO TURMA VALUES 
   (DEFAULT, '071170','B', '2016', '2',35);
INSERT INTO TURMA VALUES 
   (DEFAULT, '071170','C', '2016', '2',35);
INSERT INTO TURMA VALUES 
   (DEFAULT, '061282','A', '2015', '1',45);
INSERT INTO TURMA VALUES 
   (DEFAULT, '061282','B', '2015', '1',45); 
INSERT INTO TURMA VALUES 
   (DEFAULT, '028911','A', '2015', '2',30);
INSERT INTO TURMA VALUES 
   (DEFAULT, '028911','B', '2015', '2',30);

INSERT INTO PLANODEENSINO VALUES 
	('000001','APROVADO','1250');
INSERT INTO PLANODEENSINO VALUES 
	('000001','APROVADO','1251');
INSERT INTO PLANODEENSINO VALUES 
	('000001','REPROVADO','1252');
INSERT INTO PLANODEENSINO VALUES 
	('000002','APROVADO','1253');
INSERT INTO PLANODEENSINO VALUES 
	('000003','REPROVADO','1254');
INSERT INTO PLANODEENSINO VALUES 
	('000004','REPROVADO','1255');
INSERT INTO PLANODEENSINO VALUES 
	('000004','APROVADO','1256');
INSERT INTO PLANODEENSINO VALUES 
	('000004','APROVADO','1257');
INSERT INTO PLANODEENSINO VALUES 
	('000004','APROVADO','1258');
INSERT INTO PLANODEENSINO VALUES 
	('000005','PENDENTE','1259');
INSERT INTO PLANODEENSINO VALUES 
	('000006','REPROVADO','1260');
INSERT INTO PLANODEENSINO VALUES 
	('000006','REPROVADO','1261');
INSERT INTO PLANODEENSINO VALUES 
	('000007','APROVADO','1262');
INSERT INTO PLANODEENSINO VALUES 
	('000008','REPROVADO','1263');
INSERT INTO PLANODEENSINO VALUES 
	('000009','APROVADO','1264');
INSERT INTO PLANODEENSINO VALUES 
	('000009','REPROVADO','1265');
INSERT INTO PLANODEENSINO VALUES 
	('000010','APROVADO','1266');
INSERT INTO PLANODEENSINO VALUES 
	('000010','APROVADO','1267');
INSERT INTO PLANODEENSINO VALUES 
	('000011','APROVADO','1268');
INSERT INTO PLANODEENSINO VALUES 
	('000012','REPROVADO','1269');

INSERT INTO TURMAHORARIO VALUES
	('1250',TIME('14.00.00'),2,'AT8','seg'); 
INSERT INTO TURMAHORARIO VALUES
	('1250',TIME('14.00.00'),2,'AT8','ter'); 
INSERT INTO TURMAHORARIO VALUES
	('1251',TIME('08.00.00'),4,'AT10','sex'); 
INSERT INTO TURMAHORARIO VALUES
	('1252',TIME('14.00.00'),4,'AT8','qua'); 
INSERT INTO TURMAHORARIO VALUES
	('1253',TIME('10.00.00'),2,'AT4','qui'); 
INSERT INTO TURMAHORARIO VALUES
	('1254',TIME('14.00.00'),4,'DC','seg'); 
INSERT INTO TURMAHORARIO VALUES
	('1255',TIME('16.00.00'),2,'AT5','seg'); 
INSERT INTO TURMAHORARIO VALUES
	('1255',TIME('14.00.00'),2,'AT6','qua'); 
INSERT INTO TURMAHORARIO VALUES
	('1256',TIME('14.00.00'),4,'AT2','seg'); 
INSERT INTO TURMAHORARIO VALUES
	('1257',TIME('10.00.00'),2,'AT5','qui'); 
INSERT INTO TURMAHORARIO VALUES
	('1258',TIME('14.00.00'),4,'AT4','ter'); 
INSERT INTO TURMAHORARIO VALUES
	('1259',TIME('08.00.00'),2,'AT9','qua'); 
INSERT INTO TURMAHORARIO VALUES
	('1259',TIME('14.00.00'),2,'AT9','qui'); 
INSERT INTO TURMAHORARIO VALUES
	('1260',TIME('10.00.00'),2,'AT4','ter'); 
INSERT INTO TURMAHORARIO VALUES
	('1261',TIME('08.00.00'),4,'AT10','sex');
INSERT INTO TURMAHORARIO VALUES
	('1262',TIME('10.00.00'),2,'AT1','seg'); 
INSERT INTO TURMAHORARIO VALUES
	('1262',TIME('16.00.00'),2,'AT1','ter'); 
INSERT INTO TURMAHORARIO VALUES
	('1263',TIME('14.00.00'),4,'AT7','sex'); 
INSERT INTO TURMAHORARIO VALUES
	('1264',TIME('16.00.00'),2,'AT7','ter'); 
INSERT INTO TURMAHORARIO VALUES
	('1265',TIME('08.00.00'),4,'AT6','qui');
INSERT INTO TURMAHORARIO VALUES
	('1266',TIME('10.00.00'),2,'AT9','seg'); 
INSERT INTO TURMAHORARIO VALUES
	('1267',TIME('14.00.00'),2,'AT10','seg'); 
INSERT INTO TURMAHORARIO VALUES
	('1267',TIME('08.00.00'),2,'AT10','qui'); 
INSERT INTO TURMAHORARIO VALUES
	('1268',TIME('14.00.00'),2,'AT9','ter'); 
INSERT INTO TURMAHORARIO VALUES
	('1269',TIME('14.00.00'),2,'AT9','ter');

insert into revisao(siape, pe_estado, idTurma, parecer, r_estado,dataDeRevisao)
values
('000002', 'APROVADO' , 1253, 'Parece muito bom','APROVADO','2016-12-31'),
('000003', 'REPROVADO', 1254, 'Parece meio errado','APROVADO','2011-11-27'),
('000004', 'APROVADO' , 1256, 'Estão meio estranho','APROVADO','2012-10-31'),
('000005', 'PENDENTE' , 1259, 'Não gostei','PENDENTE','2013-12-31'),
('000006', 'REPROVADO' , 1261, 'Aprovado','PENDENTE','2013-12-31');

INSERT INTO CONSELHODEDEPARTAMENTO(CODIGOCONSELHO,SIGLA)
VALUES('CDE41AF12','DC');
INSERT INTO CONSELHODEDEPARTAMENTO(CODIGOCONSELHO,SIGLA)
VALUES('CDE4BCDAQ','DM');
INSERT INTO CONSELHODEDEPARTAMENTO(CODIGOCONSELHO,SIGLA)
VALUES('3ABA01L69F','DF');
INSERT INTO CONSELHODEDEPARTAMENTO(CODIGOCONSELHO,SIGLA)
VALUES('APEO254MLA','DQ');
INSERT INTO CONSELHODEDEPARTAMENTO(CODIGOCONSELHO,SIGLA)
VALUES('LKMN548T94','DM');