INSERT INTO PESSOA (CPF) VALUES ('00000000001');
INSERT INTO PESSOA (CPF) VALUES ('00000000002');
INSERT INTO PESSOA (CPF) VALUES ('00000000003');
INSERT INTO PESSOA (CPF) VALUES ('12345678910');
INSERT INTO PESSOA (CPF) VALUES ('10987654321');
INSERT INTO PESSOA (CPF) VALUES ('24246468610');
INSERT INTO PESSOA (CPF) VALUES ('13135357509');
INSERT INTO PESSOA (CPF) VALUES ('10293847566');
INSERT INTO PESSOA (CPF) VALUES ('56473829105');
INSERT INTO PESSOA (CPF) VALUES ('12825651201');
INSERT INTO PESSOA (CPF) VALUES ('10020030010');
INSERT INTO PESSOA (CPF) VALUES ('11021031011');
INSERT INTO PESSOA (CPF) VALUES ('12022032012');
INSERT INTO PESSOA (CPF) VALUES ('13023033013');
INSERT INTO PESSOA (CPF) VALUES ('14024034014');
INSERT INTO PESSOA (CPF) VALUES ('15025035015');
INSERT INTO PESSOA (CPF) VALUES ('16026036016');
INSERT INTO PESSOA (CPF) VALUES ('17027037017');
INSERT INTO PESSOA (CPF) VALUES ('18028038018');
INSERT INTO PESSOA (CPF) VALUES ('19029039019');

INSERT INTO SERVIDOR (CPF, SIAPE) VALUES ('00000000001', '000001');
INSERT INTO SERVIDOR (CPF, SIAPE) VALUES ('00000000002', '000002');
INSERT INTO SERVIDOR (CPF, SIAPE) VALUES ('00000000003', '000003');
INSERT INTO SERVIDOR (CPF, SIAPE) VALUES ('12345678910', '000004');
INSERT INTO SERVIDOR (CPF, SIAPE) VALUES ('10987654321', '000005');
INSERT INTO SERVIDOR (CPF, SIAPE) VALUES ('24246468610', '000006');
INSERT INTO SERVIDOR (CPF, SIAPE) VALUES ('13135357509', '000007');
INSERT INTO SERVIDOR (CPF, SIAPE) VALUES ('56473829105', '000008');
INSERT INTO SERVIDOR (CPF, SIAPE) VALUES ('12825651201', '000009');
INSERT INTO SERVIDOR (CPF, SIAPE) VALUES ('10020030010', '000010');
INSERT INTO SERVIDOR (CPF, SIAPE) VALUES ('11021031011', '000011');
INSERT INTO SERVIDOR (CPF, SIAPE) VALUES ('12022032012', '000012');
INSERT INTO SERVIDOR (CPF, SIAPE) VALUES ('13023033013', '000013');
INSERT INTO SERVIDOR (CPF, SIAPE) VALUES ('14024034014', '000014');
INSERT INTO SERVIDOR (CPF, SIAPE) VALUES ('15025035015', '000015');
INSERT INTO SERVIDOR (CPF, SIAPE) VALUES ('16026036016', '000016');
INSERT INTO SERVIDOR (CPF, SIAPE) VALUES ('17027037017', '000017');
INSERT INTO SERVIDOR (CPF, SIAPE) VALUES ('18028038018', '000018');
INSERT INTO SERVIDOR (CPF, SIAPE) VALUES ('19029039019', '000019');

INSERT INTO TAS (SIAPE) VALUES ('000015');
INSERT INTO TAS (SIAPE) VALUES ('000016');
INSERT INTO TAS (SIAPE) VALUES ('000017');
INSERT INTO TAS (SIAPE) VALUES ('000018');
INSERT INTO TAS (SIAPE) VALUES ('000019');

INSERT INTO DOCENTE 
	(SIAPE, POSICAO, TIPO_DOCENTE, TOTAL_CARGA_SEMESTRE)
	VALUES ('000001', 'PROFESSOR', 'ADJUNTO', 8);
INSERT INTO DOCENTE 
	(SIAPE, POSICAO, TIPO_DOCENTE, TOTAL_CARGA_SEMESTRE)
	VALUES ('000002', 'PROFESSOR COORDENADOR','TITULAR', 6);
INSERT INTO DOCENTE 
	(SIAPE, POSICAO, TIPO_DOCENTE, TOTAL_CARGA_SEMESTRE)
	VALUES ('000003', 'PROFESSOR CHEFE DPTO', 'ADJUNTO', 0);
INSERT INTO DOCENTE 
	(SIAPE, POSICAO, TIPO_DOCENTE, TOTAL_CARGA_SEMESTRE)
	VALUES ('000004', 'PROFESSOR', 'ASSOCIADO', 4);
INSERT INTO DOCENTE 
	(SIAPE, POSICAO, TIPO_DOCENTE, TOTAL_CARGA_SEMESTRE)
	VALUES ('000005', 'PROFESSOR', 'TITULAR', 6);
INSERT INTO DOCENTE
	(SIAPE, POSICAO, TIPO_DOCENTE, TOTAL_CARGA_SEMESTRE, TIPO_LICENCA, PRAZO_LICENCA)
	VALUES ('000006', 'PROFESSOR COORDENADOR', 'TITULAR', 8, 'PREMIO', 15 );
INSERT INTO DOCENTE 
	(SIAPE, POSICAO, TIPO_DOCENTE, TOTAL_CARGA_SEMESTRE, TIPO_LICENCA, PRAZO_LICENCA)
	VALUES ('000007', 'PROFESSOR', 'ASSOCIADO', 8, 'PREMIO', 20);
INSERT INTO DOCENTE 
	(SIAPE, POSICAO, TIPO_DOCENTE, TOTAL_CARGA_SEMESTRE)
	VALUES ('000008', 'PROFESSOR COORDENADOR', 'ADJUNTO', 4);
INSERT INTO DOCENTE 
	(SIAPE, POSICAO, TIPO_DOCENTE, TOTAL_CARGA_SEMESTRE, RAZAO_ALIVIO, CARGA_HORARIA_ALIVIO)
	VALUES ('000009', 'PROFESSOR', 'TITULAR', 4, 'RECOMENDACAO MEDICA', 2);
INSERT INTO DOCENTE 
	(SIAPE, POSICAO, TIPO_DOCENTE, TOTAL_CARGA_SEMESTRE, RAZAO_ALIVIO, CARGA_HORARIA_ALIVIO)
	VALUES ('000010', 'PROFESSOR CHEFE DPTO', 'TITULAR', 4, 'ATIVIDADES CHEFIA', 4);
INSERT INTO DOCENTE 
	(SIAPE, POSICAO, TIPO_DOCENTE, TOTAL_CARGA_SEMESTRE, TIPO_LICENCA, PRAZO_LICENCA, RAZAO_ALIVIO, CARGA_HORARIA_ALIVIO)
	VALUES ('000011', 'PROFESSOR', 'ADJUNTO', 8, 'PREMIO', 10, 'RECOMENDACAO MEDICA', 2);
INSERT INTO DOCENTE 
	(SIAPE, POSICAO, TIPO_DOCENTE, TOTAL_CARGA_SEMESTRE, RAZAO_ALIVIO, CARGA_HORARIA_ALIVIO)
	VALUES ('000012', 'PROFESSOR COORDENADOR', 'ASSOCIADO', 8, 'RECOMENDACAO MEDICA', 2);	
INSERT INTO DOCENTE 
	(SIAPE, POSICAO, TIPO_DOCENTE, TOTAL_CARGA_SEMESTRE, TIPO_LICENCA, PRAZO_LICENCA)
	VALUES ('000013', 'PROFESSOR', 'ASSOCIADO', 6, 'PREMIO', 30);
INSERT INTO DOCENTE 
	(SIAPE, POSICAO, TIPO_DOCENTE, TOTAL_CARGA_SEMESTRE, TIPO_LICENCA, PRAZO_LICENCA)
	VALUES ('000014', 'PROFESSOR', 'ASSOCIADO', 8, 'MEDICA', 7);
	
INSERT INTO DOCENTE_CARGO_ADMINISTRATIVO
	(SIAPE, PERIODO_INICIO, PERIODO_TERMINO, NOME_CARGO)
	VALUES('000002','2014-03-01', '2016-02-28','COORDENADOR CURSO');
INSERT INTO DOCENTE_CARGO_ADMINISTRATIVO
	(SIAPE, PERIODO_INICIO, PERIODO_TERMINO, NOME_CARGO)
	VALUES('000002','2015-08-12', '2016-09-05','PRESIDENTE CONSELHO GRAD');
INSERT INTO DOCENTE_CARGO_ADMINISTRATIVO
	(SIAPE, PERIODO_INICIO, PERIODO_TERMINO, NOME_CARGO)
	VALUES('000003','2012-08-10','2013-09-01','CHEFE DEPARTAMENTO');
INSERT INTO DOCENTE_CARGO_ADMINISTRATIVO
	(SIAPE, PERIODO_INICIO, PERIODO_TERMINO, NOME_CARGO)
	VALUES('000003','2008-03-14','2009-04-16','COORDENADOR CURSO');
INSERT INTO DOCENTE_CARGO_ADMINISTRATIVO
	(SIAPE, PERIODO_INICIO, NOME_CARGO)
	VALUES('000006','2015-11-01','COORDENADOR CURSO');
INSERT INTO DOCENTE_CARGO_ADMINISTRATIVO
	(SIAPE, PERIODO_INICIO, PERIODO_TERMINO, NOME_CARGO)
	VALUES('000008','2010-07-02','2012-07-03','COORDENADOR CURSO');
INSERT INTO DOCENTE_CARGO_ADMINISTRATIVO
	(SIAPE, PERIODO_INICIO, PERIODO_TERMINO, NOME_CARGO)
	VALUES('000010','2013-04-17','2014-06-28','CHEFE DEPARTAMENTO');
INSERT INTO DOCENTE_CARGO_ADMINISTRATIVO
	(SIAPE, PERIODO_INICIO, NOME_CARGO)
	VALUES('000012','2016-04-10','COORDENADOR CURSO');